<manifest><control namespace="sushi" constructor="powersushimodeldrivenappconnector" version="0.0.4" display-name-key="powersushimodeldrivenappconnector" description-key="powersushimodeldrivenappconnector description" control-type="standard" api-version="1.3.15"><external-service-usage enabled="false" /><property name="inputDataJson" display-name-key="Input_Data_Json" description-key="Input_Data_Json" of-type="SingleLine.Text" usage="bound" required="true" /><resources><code path="bundle.js" order="1" /></resources><built-by name="pac" version="1.35.1" /></control></manifest>