<ImportExportXml xmlns:xsi="http://www.w3.org/2001/XMLSchema-instance">
  <Entities></Entities>
  <Roles></Roles>
  <Workflows></Workflows>
  <FieldSecurityProfiles></FieldSecurityProfiles>
  <Templates />
  <EntityMaps />
  <EntityRelationships />
  <OrganizationSettings />
  <optionsets />
  <CustomControls>
    <CustomControl>
      <Name>sushi_sushitextboxjs.TextBoxJS</Name>
      <FileName>/Controls/sushi_sushitextboxjs.TextBoxJS/ControlManifest.xml</FileName>
    </CustomControl>
  </CustomControls>
  <SolutionPluginAssemblies>
    <PluginAssembly FullName="FormOperations, Version=1.0.0.0, Culture=neutral, PublicKeyToken=2e090f6464b08e58" PluginAssemblyId="1e9d1347-c282-420b-950c-6293879b1131" CustomizationLevel="1">
      <IsolationMode>2</IsolationMode>
      <SourceType>0</SourceType>
      <IntroducedVersion>1.0.0.0</IntroducedVersion>
      <FileName>/PluginAssemblies/FormOperations-1E9D1347-C282-420B-950C-6293879B1131/FormOperations.dll</FileName>
      <PluginTypes>
        <PluginType AssemblyQualifiedName="FormOperations.GetForms, FormOperations, Version=1.0.0.0, Culture=neutral, PublicKeyToken=2e090f6464b08e58" PluginTypeId="0fb1233d-eb78-43e1-8fb6-1cff264361d3" Name="FormOperations.GetForms">
          <FriendlyName>c0e22916-4d74-4e3b-97b4-771ba50918e1</FriendlyName>
        </PluginType>
      </PluginTypes>
    </PluginAssembly>
    <PluginAssembly FullName="GetAttributes, Version=1.0.0.0, Culture=neutral, PublicKeyToken=cc33a1ba303392b0" PluginAssemblyId="1b73beba-518a-451e-8639-f0573f943af0" CustomizationLevel="1">
      <IsolationMode>2</IsolationMode>
      <SourceType>0</SourceType>
      <IntroducedVersion>1.0.0.0</IntroducedVersion>
      <FileName>/PluginAssemblies/GetAttributes-1B73BEBA-518A-451E-8639-F0573F943AF0/GetAttributes.dll</FileName>
      <PluginTypes>
        <PluginType AssemblyQualifiedName="PowerAutomateFinder.GetAttributes, GetAttributes, Version=1.0.0.0, Culture=neutral, PublicKeyToken=cc33a1ba303392b0" PluginTypeId="869c3538-414a-40b9-816b-da13216eabca" Name="PowerAutomateFinder.GetAttributes">
          <FriendlyName>ae9c1f3c-dc0e-46f5-9cd1-cce8e3952c52</FriendlyName>
        </PluginType>
      </PluginTypes>
    </PluginAssembly>
    <PluginAssembly FullName="GetFormEvents, Version=1.0.0.0, Culture=neutral, PublicKeyToken=2e090f6464b08e58" PluginAssemblyId="94021443-cb0d-4e26-b216-8a9f0a78e932" CustomizationLevel="1">
      <IsolationMode>2</IsolationMode>
      <SourceType>0</SourceType>
      <IntroducedVersion>1.0.0.0</IntroducedVersion>
      <FileName>/PluginAssemblies/GetFormEvents-94021443-CB0D-4E26-B216-8A9F0A78E932/GetFormEvents.dll</FileName>
      <PluginTypes>
        <PluginType AssemblyQualifiedName="FormOperations.GetFormEvents, GetFormEvents, Version=1.0.0.0, Culture=neutral, PublicKeyToken=2e090f6464b08e58" PluginTypeId="b47b3e72-96da-45f8-89d0-8040937f5410" Name="FormOperations.GetFormEvents">
          <FriendlyName>2efb8f42-d87a-446e-bc78-0661c473b380</FriendlyName>
        </PluginType>
      </PluginTypes>
    </PluginAssembly>
  </SolutionPluginAssemblies>
  <EntityDataProviders />
  <CanvasApps>
    <CanvasApp>
      <Name>sushi_webresourcesadministrator_cccaa</Name>
      <AppVersion>2024-05-03T06:08:49Z</AppVersion>
      <Status>Ready</Status>
      <CreatedByClientVersion>3.24043.33.0</CreatedByClientVersion>
      <MinClientVersion>3.24043.33.0</MinClientVersion>
      <Tags>{"primaryDeviceWidth":"896","primaryDeviceHeight":"414","supportsPortrait":"true","supportsLandscape":"true","primaryFormFactor":"Tablet","showStatusBar":"false","publisherVersion":"3.24043.33","minimumRequiredApiVersion":"2.2.0","hasComponent":"false","hasUnlockedComponent":"false","isUnifiedRootApp":"false","sienaVersion":"20240427T180922Z-3.24042.30.0"}</Tags>
      <IsCdsUpgraded>0</IsCdsUpgraded>
      <GalleryItemId xsi:nil="true"></GalleryItemId>
      <BackgroundColor>rgba(255, 255, 255, 1)</BackgroundColor>
      <DisplayName>Webresources Administrator</DisplayName>
      <Description xsi:nil="true"></Description>
      <CommitMessage xsi:nil="true"></CommitMessage>
      <Publisher xsi:nil="true"></Publisher>
      <AuthorizationReferences>[]</AuthorizationReferences>
      <ConnectionReferences>{}</ConnectionReferences>
      <DatabaseReferences>{"default.cds":{"databaseDetails":{"referenceType":"Environmental","environmentName":"default.cds","overrideValues":{"status":"NotSpecified","environmentVariableName":""}},"dataSources":{"Web Resources":{"entitySetName":"webresourceset","logicalName":"webresource"},"System Forms":{"entitySetName":"systemforms","logicalName":"systemform"},"environment_39a902ba":{"entitySetName":"Environment","logicalName":"environment_39a902ba"},"Entities":{"entitySetName":"entities","logicalName":"entity"},"Solutions":{"entitySetName":"solutions","logicalName":"solution"},"Publishers":{"entitySetName":"publishers","logicalName":"publisher"}}}}</DatabaseReferences>
      <AppComponents>[]</AppComponents>
      <AppComponentDependencies>[]</AppComponentDependencies>
      <CanConsumeAppPass>1</CanConsumeAppPass>
      <CanvasAppType>0</CanvasAppType>
      <BypassConsent>0</BypassConsent>
      <AdminControlBypassConsent>0</AdminControlBypassConsent>
      <EmbeddedApp xsi:nil="true"></EmbeddedApp>
      <IntroducedVersion>1.0</IntroducedVersion>
      <CdsDependencies>{"cdsdependencies":[{"logicalname":"webresource","componenttype":1},{"logicalname":"systemform","componenttype":1},{"logicalname":"entity","componenttype":1},{"logicalname":"solution","componenttype":1},{"logicalname":"publisher","componenttype":1}]}</CdsDependencies>
      <IsCustomizable>1</IsCustomizable>
      <BackgroundImageUri>/CanvasApps/sushi_webresourcesadministrator_cccaa_BackgroundImageUri</BackgroundImageUri>
      <DocumentUri>/CanvasApps/sushi_webresourcesadministrator_cccaa_DocumentUri.msapp</DocumentUri>
      <AdditionalUris>
        <AdditionalUri>/CanvasApps/sushi_webresourcesadministrator_cccaa_AdditionalUris0_identity.json</AdditionalUri>
      </AdditionalUris>
    </CanvasApp>
    <CanvasApp>
      <Name>sushi_webresourcesadministratorpage_991e9</Name>
      <AppVersion>2024-05-03T06:20:16Z</AppVersion>
      <Status>Ready</Status>
      <CreatedByClientVersion>3.24043.33.0</CreatedByClientVersion>
      <MinClientVersion>3.24043.33.0</MinClientVersion>
      <Tags>{"primaryDeviceWidth":"1366","primaryDeviceHeight":"768","supportsPortrait":"true","supportsLandscape":"true","primaryFormFactor":"Tablet","showStatusBar":"false","publisherVersion":"3.24043.33","minimumRequiredApiVersion":"2.2.0","hasComponent":"false","hasUnlockedComponent":"false","isUnifiedRootApp":"false","sienaVersion":"20240427T180855Z-3.24042.30.0"}</Tags>
      <IsCdsUpgraded>0</IsCdsUpgraded>
      <GalleryItemId xsi:nil="true"></GalleryItemId>
      <BackgroundColor>rgba(255, 255, 255, 1)</BackgroundColor>
      <DisplayName>Webresources Administrator Page</DisplayName>
      <Description xsi:nil="true"></Description>
      <CommitMessage xsi:nil="true"></CommitMessage>
      <Publisher xsi:nil="true"></Publisher>
      <AuthorizationReferences>[]</AuthorizationReferences>
      <ConnectionReferences>{}</ConnectionReferences>
      <DatabaseReferences>{"default.cds":{"databaseDetails":{"referenceType":"Environmental","environmentName":"default.cds","overrideValues":{"status":"NotSpecified","environmentVariableName":""}},"dataSources":{"Entities":{"entitySetName":"entities","logicalName":"entity"},"Solutions":{"entitySetName":"solutions","logicalName":"solution"},"Publishers":{"entitySetName":"publishers","logicalName":"publisher"},"Web Resources":{"entitySetName":"webresourceset","logicalName":"webresource"},"System Forms":{"entitySetName":"systemforms","logicalName":"systemform"},"environment_39a902ba":{"entitySetName":"Environment","logicalName":"environment_39a902ba"}}}}</DatabaseReferences>
      <AppComponents>[]</AppComponents>
      <AppComponentDependencies>[]</AppComponentDependencies>
      <CanConsumeAppPass>0</CanConsumeAppPass>
      <CanvasAppType>2</CanvasAppType>
      <BypassConsent>0</BypassConsent>
      <AdminControlBypassConsent>0</AdminControlBypassConsent>
      <EmbeddedApp xsi:nil="true"></EmbeddedApp>
      <IntroducedVersion>1.0</IntroducedVersion>
      <CdsDependencies>{"cdsdependencies":[{"logicalname":"entity","componenttype":1},{"logicalname":"solution","componenttype":1},{"logicalname":"publisher","componenttype":1},{"logicalname":"webresource","componenttype":1},{"logicalname":"systemform","componenttype":1}]}</CdsDependencies>
      <IsCustomizable>1</IsCustomizable>
      <BackgroundImageUri>/CanvasApps/sushi_webresourcesadministratorpage_991e9_BackgroundImageUri</BackgroundImageUri>
      <DocumentUri>/CanvasApps/sushi_webresourcesadministratorpage_991e9_DocumentUri.msapp</DocumentUri>
      <AdditionalUris>
        <AdditionalUri>/CanvasApps/sushi_webresourcesadministratorpage_991e9_AdditionalUris0_identity.json</AdditionalUri>
      </AdditionalUris>
    </CanvasApp>
  </CanvasApps>
  <connectionreferences>
    <connectionreference connectionreferencelogicalname="sushi_sharedcommondataserviceforapps_acd73">
      <connectionreferencedisplayname>Microsoft Dataverse powerautomatefinder-acd73</connectionreferencedisplayname>
      <connectorid>/providers/Microsoft.PowerApps/apis/shared_commondataserviceforapps</connectorid>
      <iscustomizable>1</iscustomizable>
      <statecode>0</statecode>
      <statuscode>1</statuscode>
    </connectionreference>
  </connectionreferences>
  <Languages>
    <Language>1033</Language>
  </Languages>
</ImportExportXml>