{
  "properties": {
    "connectionReferences": {
      "shared_commondataserviceforapps": {
        "runtimeSource": "embedded",
        "connection": {
          "connectionReferenceLogicalName": "sushi_sharedcommondataserviceforapps_acd73"
        },
        "api": {
          "name": "shared_commondataserviceforapps"
        }
      }
    },
    "definition": {
      "$schema": "https://schema.management.azure.com/providers/Microsoft.Logic/schemas/2016-06-01/workflowdefinition.json#",
      "contentVersion": "1.0.0.0",
      "parameters": {
        "$connections": {
          "defaultValue": {},
          "type": "Object"
        },
        "$authentication": {
          "defaultValue": {},
          "type": "SecureObject"
        }
      },
      "triggers": {
        "When_a_row_is_added,_modified_|_Dynamic_Value": {
          "metadata": {
            "operationMetadataId": "2ef46aff-7b78-4baa-80ff-f3ca8a9ad1d3"
          },
          "type": "OpenApiConnectionWebhook",
          "inputs": {
            "host": {
              "connectionName": "shared_commondataserviceforapps",
              "operationId": "SubscribeWebhookTrigger",
              "apiId": "/providers/Microsoft.PowerApps/apis/shared_commondataserviceforapps"
            },
            "parameters": {
              "subscriptionRequest/message": 4,
              "subscriptionRequest/entityname": "sushi_dynamicvalue",
              "subscriptionRequest/scope": 4,
              "subscriptionRequest/filteringattributes": "sushi_dynamicformulaid,sushi_length,sushi_quantity,sushi_width"
            },
            "authentication": "@parameters('$authentication')"
          }
        }
      },
      "actions": {
        "Try": {
          "actions": {
            "Get_a_row_by_ID_|_Dynamic_Formula": {
              "runAfter": {},
              "metadata": {
                "operationMetadataId": "d9d88e10-d702-4b2b-8b60-2e87e0fda74a"
              },
              "type": "OpenApiConnection",
              "inputs": {
                "host": {
                  "connectionName": "shared_commondataserviceforapps",
                  "operationId": "GetItem",
                  "apiId": "/providers/Microsoft.PowerApps/apis/shared_commondataserviceforapps"
                },
                "parameters": {
                  "entityName": "sushi_dynamicformulas",
                  "recordId": "@triggerOutputs()?['body/_sushi_dynamicformulaid_value']"
                },
                "authentication": "@parameters('$authentication')"
              }
            },
            "Perform_an_unbound_action": {
              "runAfter": {
                "Get_a_row_by_ID_|_Dynamic_Formula": [
                  "Succeeded"
                ]
              },
              "metadata": {
                "operationMetadataId": "5b36ebc7-5103-4972-b141-49a0f701f3a6"
              },
              "type": "OpenApiConnection",
              "inputs": {
                "host": {
                  "connectionName": "shared_commondataserviceforapps",
                  "operationId": "PerformUnboundAction",
                  "apiId": "/providers/Microsoft.PowerApps/apis/shared_commondataserviceforapps"
                },
                "parameters": {
                  "actionName": "sushi_dynamicformulacaluclation",
                  "item/length": "@triggerOutputs()?['body/sushi_length']",
                  "item/width": "@triggerOutputs()?['body/sushi_width']",
                  "item/formula": "@outputs('Get_a_row_by_ID_|_Dynamic_Formula')?['body/sushi_formula']",
                  "item/quantity": "@triggerOutputs()?['body/sushi_quantity']"
                },
                "authentication": "@parameters('$authentication')"
              }
            },
            "Update_a_row_|_Dynamic_Value": {
              "runAfter": {
                "Perform_an_unbound_action": [
                  "Succeeded"
                ]
              },
              "metadata": {
                "operationMetadataId": "5000ae8f-a8cc-472f-b05c-d75e2e2c6d3a"
              },
              "type": "OpenApiConnection",
              "inputs": {
                "host": {
                  "connectionName": "shared_commondataserviceforapps",
                  "operationId": "UpdateOnlyRecord",
                  "apiId": "/providers/Microsoft.PowerApps/apis/shared_commondataserviceforapps"
                },
                "parameters": {
                  "entityName": "sushi_dynamicvalues",
                  "recordId": "@triggerOutputs()?['body/sushi_dynamicvalueid']",
                  "item/sushi_result": "@outputs('Perform_an_unbound_action')?['body/result']"
                },
                "authentication": "@parameters('$authentication')"
              }
            }
          },
          "runAfter": {},
          "metadata": {
            "operationMetadataId": "1adf22bc-7146-40ac-853e-32ee46198934"
          },
          "type": "Scope"
        },
        "Catch": {
          "actions": {
            "Terminate": {
              "runAfter": {},
              "metadata": {
                "operationMetadataId": "45f7c13e-f935-41ad-948b-af2a81eccc32"
              },
              "type": "Terminate",
              "inputs": {
                "runStatus": "Failed"
              }
            }
          },
          "runAfter": {
            "Try": [
              "Failed",
              "Skipped",
              "TimedOut"
            ]
          },
          "metadata": {
            "operationMetadataId": "f2fd1999-4480-4592-afb1-4d7ca08ee687"
          },
          "type": "Scope"
        }
      }
    },
    "templateName": ""
  },
  "schemaVersion": "1.0.0.0"
}