<ImportExportXml xmlns:xsi="http://www.w3.org/2001/XMLSchema-instance" OrganizationVersion="9.2.25084.132" OrganizationSchemaType="Standard" CRMServerServiceabilityVersion="9.2.25091.00130">
  <Entities></Entities>
  <Roles></Roles>
  <Workflows></Workflows>
  <FieldSecurityProfiles></FieldSecurityProfiles>
  <Templates />
  <EntityMaps />
  <EntityRelationships />
  <OrganizationSettings />
  <optionsets />
  <CustomControls />
  <SolutionPluginAssemblies>
    <PluginAssembly FullName="Bulk Operation Action, Version=1.0.0.0, Culture=neutral, PublicKeyToken=9cb883f1aabba5c9" PluginAssemblyId="379de599-0ab6-43d1-aec2-54b313227dce" CustomizationLevel="1">
      <IsolationMode>2</IsolationMode>
      <SourceType>0</SourceType>
      <IntroducedVersion>1.0</IntroducedVersion>
      <FileName>/PluginAssemblies/BulkOperationAction-379DE599-0AB6-43D1-AEC2-54B313227DCE/BulkOperationAction.dll</FileName>
      <PluginTypes>
        <PluginType AssemblyQualifiedName="Bulk_Operation_Action.PsBulkEntityOps, Bulk Operation Action, Version=1.0.0.0, Culture=neutral, PublicKeyToken=9cb883f1aabba5c9" PluginTypeId="e501ac4d-466c-419a-8927-7c61f7a2b9bb" Name="Bulk_Operation_Action.PsBulkEntityOps">
          <FriendlyName>744fec6b-60bd-427d-9a3f-c9ae3b6059df</FriendlyName>
        </PluginType>
      </PluginTypes>
    </PluginAssembly>
  </SolutionPluginAssemblies>
  <EntityDataProviders />
  <CanvasApps>
    <CanvasApp>
      <Name>vel_bulkoperation_936c4</Name>
      <AppVersion>2025-09-04T21:55:30Z</AppVersion>
      <Status>Ready</Status>
      <CreatedByClientVersion>3.25091.2.0</CreatedByClientVersion>
      <MinClientVersion>3.25091.2.0</MinClientVersion>
      <Tags>{"primaryDeviceWidth":"1366","primaryDeviceHeight":"768","supportsPortrait":"true","supportsLandscape":"true","primaryFormFactor":"Tablet","showStatusBar":"false","publisherVersion":"3.25091.2","minimumRequiredApiVersion":"2.2.0","hasComponent":"false","hasUnlockedComponent":"false","isUnifiedRootApp":"false","sienaVersion":"20250904T204645Z-3.25083.8.0"}</Tags>
      <IsCdsUpgraded>0</IsCdsUpgraded>
      <GalleryItemId xsi:nil="true"></GalleryItemId>
      <BackgroundColor>RGBA(0,176,240,1)</BackgroundColor>
      <DisplayName>Bulk Operation</DisplayName>
      <Description xsi:nil="true"></Description>
      <CommitMessage xsi:nil="true"></CommitMessage>
      <Publisher></Publisher>
      <AuthorizationReferences>[]</AuthorizationReferences>
      <ConnectionReferences>{}</ConnectionReferences>
      <DatabaseReferences>{"default.cds":{"databaseDetails":{"referenceType":"Environmental","environmentName":"default.cds","overrideValues":{"status":"NotSpecified","environmentVariableName":""}},"dataSources":{"environment_39a902ba":{"entitySetName":"Environment","logicalName":"environment_39a902ba"},"Contacts":{"entitySetName":"contacts","logicalName":"contact"},"Accounts":{"entitySetName":"accounts","logicalName":"account"},"Currencies":{"entitySetName":"transactioncurrencies","logicalName":"transactioncurrency"}}}}</DatabaseReferences>
      <AppComponents>[]</AppComponents>
      <AppComponentDependencies>[]</AppComponentDependencies>
      <CanConsumeAppPass>1</CanConsumeAppPass>
      <CanvasAppType>0</CanvasAppType>
      <BypassConsent>0</BypassConsent>
      <AdminControlBypassConsent>0</AdminControlBypassConsent>
      <EmbeddedApp xsi:nil="true"></EmbeddedApp>
      <IntroducedVersion>1.0</IntroducedVersion>
      <CdsDependencies>{"cdsdependencies":[{"logicalname":"contact","componenttype":1},{"logicalname":"account","componenttype":1},{"logicalname":"transactioncurrency","componenttype":1}]}</CdsDependencies>
      <IsCustomizable>1</IsCustomizable>
      <BackgroundImageUri>/CanvasApps/vel_bulkoperation_936c4_BackgroundImageUri</BackgroundImageUri>
      <DocumentUri>/CanvasApps/vel_bulkoperation_936c4_DocumentUri.msapp</DocumentUri>
      <AdditionalUris>
        <AdditionalUri>/CanvasApps/vel_bulkoperation_936c4_AdditionalUris0_identity.json</AdditionalUri>
      </AdditionalUris>
    </CanvasApp>
  </CanvasApps>
  <Languages>
    <Language>1033</Language>
  </Languages>
</ImportExportXml>