<manifest><control namespace="sushitextboxjs" constructor="TextBoxJS" version="0.0.9" display-name-key="Webresource Code Editor" description-key="Webresource Code Editor" control-type="standard" api-version="1.3.12"><external-service-usage enabled="false" /><property name="inputBase64Content" display-name-key="Input Base64 Content" description-key="Input Base64 Content" of-type="SingleLine.Text" usage="bound" required="true" /><property name="outputBase64Content" display-name-key="Output Base64 Content" description-key="Output Base64 Content" of-type="SingleLine.Text" usage="output" required="true" /><property name="codeeditorwidth" display-name-key="Code Editor Width" description-key="Code Editor Width" of-type="SingleLine.Text" usage="bound" required="true" /><property name="codeeditorheight" display-name-key="Code Editor Height" description-key="Code Editor Height" of-type="SingleLine.Text" usage="bound" required="true" /><property name="webresourcename" display-name-key="Webresource Name" description-key="Webresource Name" of-type="SingleLine.Text" usage="bound" required="true" /><property name="codeeditorbackgroundcolor" display-name-key="Code Editor Background Color" description-key="Code Editor Background Color" of-type="SingleLine.Text" usage="bound" required="true" /><resources><code path="bundle.js" order="1" /></resources><built-by name="pac" version="1.31.2" /></control></manifest>