<customapi uniquename="sushi_getformevents">
  <allowedcustomprocessingsteptype>2</allowedcustomprocessingsteptype>
  <bindingtype>0</bindingtype>
  <description default="sushi_getformevents">
    <label description="sushi_getformevents" languagecode="1033" />
  </description>
  <displayname default="sushi_getformevents">
    <label description="sushi_getformevents" languagecode="1033" />
  </displayname>
  <iscustomizable>1</iscustomizable>
  <isfunction>0</isfunction>
  <isprivate>0</isprivate>
  <name>sushi_getformevents</name>
  <plugintypeid>
    <plugintypeexportkey>b47b3e72-96da-45f8-89d0-8040937f5410</plugintypeexportkey>
  </plugintypeid>
  <workflowsdkstepenabled>0</workflowsdkstepenabled>
</customapi>