<ImportExportXml version="9.2.25042.210" SolutionPackageVersion="9.2" languagecode="1033" generatedBy="CrmLive" xmlns:xsi="http://www.w3.org/2001/XMLSchema-instance" OrganizationVersion="9.2.25042.210" OrganizationSchemaType="Standard" CRMServerServiceabilityVersion="9.2.25043.00202">
  <SolutionManifest>
    <UniqueName>dynamicformulaconfiguration</UniqueName>
    <LocalizedNames>
      <LocalizedName description="Power Sushi Dynamic Formula Configuration" languagecode="1033" />
    </LocalizedNames>
    <Descriptions />
    <Version>1.0.0.1</Version>
    <Managed>0</Managed>
    <Publisher>
      <UniqueName>sushi</UniqueName>
      <LocalizedNames>
        <LocalizedName description="sushi" languagecode="1033" />
      </LocalizedNames>
      <Descriptions>
        <Description description="sushi" languagecode="1033" />
      </Descriptions>
      <EMailAddress>r.susheel.2009@gmail.com</EMailAddress>
      <SupportingWebsiteUrl>https://www.linkedin.com/in/suseel-chowdary-768948</SupportingWebsiteUrl>
      <CustomizationPrefix>sushi</CustomizationPrefix>
      <CustomizationOptionValuePrefix>74865</CustomizationOptionValuePrefix>
      <Addresses>
        <Address>
          <AddressNumber>1</AddressNumber>
          <AddressTypeCode>1</AddressTypeCode>
          <City xsi:nil="true"></City>
          <County xsi:nil="true"></County>
          <Country xsi:nil="true"></Country>
          <Fax xsi:nil="true"></Fax>
          <FreightTermsCode xsi:nil="true"></FreightTermsCode>
          <ImportSequenceNumber xsi:nil="true"></ImportSequenceNumber>
          <Latitude xsi:nil="true"></Latitude>
          <Line1 xsi:nil="true"></Line1>
          <Line2 xsi:nil="true"></Line2>
          <Line3 xsi:nil="true"></Line3>
          <Longitude xsi:nil="true"></Longitude>
          <Name xsi:nil="true"></Name>
          <PostalCode xsi:nil="true"></PostalCode>
          <PostOfficeBox xsi:nil="true"></PostOfficeBox>
          <PrimaryContactName xsi:nil="true"></PrimaryContactName>
          <ShippingMethodCode>1</ShippingMethodCode>
          <StateOrProvince xsi:nil="true"></StateOrProvince>
          <Telephone1 xsi:nil="true"></Telephone1>
          <Telephone2 xsi:nil="true"></Telephone2>
          <Telephone3 xsi:nil="true"></Telephone3>
          <TimeZoneRuleVersionNumber xsi:nil="true"></TimeZoneRuleVersionNumber>
          <UPSZone xsi:nil="true"></UPSZone>
          <UTCOffset xsi:nil="true"></UTCOffset>
          <UTCConversionTimeZoneCode xsi:nil="true"></UTCConversionTimeZoneCode>
        </Address>
        <Address>
          <AddressNumber>2</AddressNumber>
          <AddressTypeCode>1</AddressTypeCode>
          <City xsi:nil="true"></City>
          <County xsi:nil="true"></County>
          <Country xsi:nil="true"></Country>
          <Fax xsi:nil="true"></Fax>
          <FreightTermsCode xsi:nil="true"></FreightTermsCode>
          <ImportSequenceNumber xsi:nil="true"></ImportSequenceNumber>
          <Latitude xsi:nil="true"></Latitude>
          <Line1 xsi:nil="true"></Line1>
          <Line2 xsi:nil="true"></Line2>
          <Line3 xsi:nil="true"></Line3>
          <Longitude xsi:nil="true"></Longitude>
          <Name xsi:nil="true"></Name>
          <PostalCode xsi:nil="true"></PostalCode>
          <PostOfficeBox xsi:nil="true"></PostOfficeBox>
          <PrimaryContactName xsi:nil="true"></PrimaryContactName>
          <ShippingMethodCode>1</ShippingMethodCode>
          <StateOrProvince xsi:nil="true"></StateOrProvince>
          <Telephone1 xsi:nil="true"></Telephone1>
          <Telephone2 xsi:nil="true"></Telephone2>
          <Telephone3 xsi:nil="true"></Telephone3>
          <TimeZoneRuleVersionNumber xsi:nil="true"></TimeZoneRuleVersionNumber>
          <UPSZone xsi:nil="true"></UPSZone>
          <UTCOffset xsi:nil="true"></UTCOffset>
          <UTCConversionTimeZoneCode xsi:nil="true"></UTCConversionTimeZoneCode>
        </Address>
      </Addresses>
    </Publisher>
    <RootComponents>
      <RootComponent type="1" schemaName="sushi_dynamicformula" behavior="0" />
      <RootComponent type="1" schemaName="sushi_dynamicvalue" behavior="0" />
      <RootComponent type="9" schemaName="sushi_dynamicparameters" behavior="0" />
      <RootComponent type="29" id="{d9194203-112e-f011-8c4d-00224891fd54}" behavior="0" />
      <RootComponent type="61" schemaName="sushi_dynamicvalue" behavior="0" />
      <RootComponent type="62" schemaName="sushi_DynamicFormulaCalculation" behavior="0" />
      <RootComponent type="80" schemaName="sushi_DynamicFormulaCalculation" behavior="0" />
      <RootComponent type="91" id="{9be1f5ce-082e-f011-8c4d-00224891fd54}" schemaName="Sushi_API, Version=1.0.0.0, Culture=neutral, PublicKeyToken=da4d10a87254d0c5" behavior="0" />
    </RootComponents>
    <MissingDependencies>
      <MissingDependency>
        <Required type="61" schemaName="msdyn_/Images/AppModule_Default_Icon.png" displayName="msdyn_/Images/AppModule_Default_Icon.png" solution="AppModuleWebResources (2.5)" />
        <Dependent type="80" schemaName="sushi_DynamicFormulaCalculation" displayName="Dynamic Formula Calculation" />
      </MissingDependency>
      <MissingDependency>
        <Required type="SettingDefinition" displayName="AppChannel" solution="msdyn_AppFrameworkInfraExtensions (1.0.0.13)" id.uniquename="AppChannel">
          <package appName="PowerAppsAppFramework Package" version="1.0.0.18">PowerAppsAppFramework_Anchor (1.0.0.18)</package>
        </Required>
        <Dependent type="AppSetting" displayName="parentappmoduleid.uniquename=sushi_DynamicFormulaCalculation,settingdefinitionid.uniquename=AppChannel" id.parentappmoduleid.uniquename="sushi_DynamicFormulaCalculation" id.settingdefinitionid.uniquename="AppChannel" />
      </MissingDependency>
    </MissingDependencies>
  </SolutionManifest>
</ImportExportXml>