<customapi uniquename="sushi_dynamicformulacaluclation">
  <allowedcustomprocessingsteptype>0</allowedcustomprocessingsteptype>
  <bindingtype>0</bindingtype>
  <description default="Dynamic Formula Caluclation">
    <label description="Dynamic Formula Caluclation" languagecode="1033" />
  </description>
  <displayname default="Dynamic Formula Caluclation">
    <label description="Dynamic Formula Caluclation" languagecode="1033" />
  </displayname>
  <iscustomizable>1</iscustomizable>
  <isfunction>0</isfunction>
  <isprivate>0</isprivate>
  <name>sushi_dynamicformulacaluclation</name>
  <plugintypeid>
    <plugintypeexportkey>61B627F9750BFCED486DD5D39BAC7D96AA74AD8B12B6608BE59F1A06C3F20EB3</plugintypeexportkey>
  </plugintypeid>
  <workflowsdkstepenabled>0</workflowsdkstepenabled>
</customapi>