<customapi uniquename="vel_bulkoperation">
  <allowedcustomprocessingsteptype>0</allowedcustomprocessingsteptype>
  <bindingtype>0</bindingtype>
  <description default="Bulk Operation">
    <label description="Bulk Operation" languagecode="1033" />
  </description>
  <displayname default="Bulk Operation">
    <label description="Bulk Operation" languagecode="1033" />
  </displayname>
  <iscustomizable>1</iscustomizable>
  <isfunction>0</isfunction>
  <isprivate>0</isprivate>
  <name>bulkoperation</name>
  <plugintypeid>
    <plugintypeexportkey>e501ac4d-466c-419a-8927-7c61f7a2b9bb</plugintypeexportkey>
  </plugintypeid>
  <workflowsdkstepenabled>0</workflowsdkstepenabled>
</customapi>