<manifest><control namespace="sushi" constructor="signalrconnector" version="0.0.3" display-name-key="signalrconnector" description-key="signalrconnector description" control-type="standard" api-version="1.3.15"><external-service-usage enabled="false" /><property name="signalRConnectionUrl" display-name-key="Signal R Connection URL" description-key="Signal R Connection URL" of-type="SingleLine.Text" usage="bound" required="true" /><property name="sentMessage" display-name-key="Sent Message" description-key="Sent Message" of-type="SingleLine.Text" usage="bound" required="true" /><property name="receivedMessage" display-name-key="Recieved Message" description-key="Recieved Message" of-type="SingleLine.Text" usage="output" required="true" /><resources><code path="bundle.js" order="1" /></resources><feature-usage /><built-by name="pac" version="1.38.3" /></control></manifest>