<customapi uniquename="sushi_powersushidocumentgenerator">
  <allowedcustomprocessingsteptype>0</allowedcustomprocessingsteptype>
  <bindingtype>0</bindingtype>
  <description default="Power Sushi Document Generator">
    <label description="Power Sushi Document Generator" languagecode="1033" />
  </description>
  <displayname default="Power Sushi Document Generator">
    <label description="Power Sushi Document Generator" languagecode="1033" />
  </displayname>
  <iscustomizable>1</iscustomizable>
  <isfunction>0</isfunction>
  <isprivate>0</isprivate>
  <name>powersushidocumentgenerator</name>
  <plugintypeid>
    <plugintypeexportkey>8642E6BAC11276082AA226DDD020FE33FDB956A874D5FF336D425BBEB791A308</plugintypeexportkey>
  </plugintypeid>
  <workflowsdkstepenabled>0</workflowsdkstepenabled>
</customapi>