<customapi uniquename="sushi_getforms">
  <allowedcustomprocessingsteptype>0</allowedcustomprocessingsteptype>
  <bindingtype>0</bindingtype>
  <description default="sushi_getforms">
    <label description="sushi_getforms" languagecode="1033" />
  </description>
  <displayname default="sushi_getforms">
    <label description="sushi_getforms" languagecode="1033" />
  </displayname>
  <iscustomizable>1</iscustomizable>
  <isfunction>0</isfunction>
  <isprivate>0</isprivate>
  <name>sushi_getforms</name>
  <plugintypeid>
    <plugintypeexportkey>0fb1233d-eb78-43e1-8fb6-1cff264361d3</plugintypeexportkey>
  </plugintypeid>
  <workflowsdkstepenabled>0</workflowsdkstepenabled>
</customapi>