<customapiresponseproperty uniquename="attributecollection">
  <description default="attributecollection">
    <label description="attributecollection" languagecode="1033" />
  </description>
  <displayname default="attributecollection">
    <label description="attributecollection" languagecode="1033" />
  </displayname>
  <iscustomizable>1</iscustomizable>
  <logicalentityname>attribute</logicalentityname>
  <name>attributecollection</name>
  <type>4</type>
</customapiresponseproperty>