{
  "properties": {
    "connectionReferences": {
      "shared_commondataserviceforapps": {
        "runtimeSource": "embedded",
        "connection": {
          "connectionReferenceLogicalName": "lmd_sharedcommondataserviceforapps_828f2"
        },
        "api": {
          "name": "shared_commondataserviceforapps"
        }
      }
    },
    "definition": {
      "$schema": "https://schema.management.azure.com/providers/Microsoft.Logic/schemas/2016-06-01/workflowdefinition.json#",
      "contentVersion": "1.0.0.0",
      "parameters": {
        "$authentication": {
          "defaultValue": {},
          "type": "SecureObject"
        },
        "$connections": {
          "defaultValue": {},
          "type": "Object"
        }
      },
      "triggers": {
        "manual": {
          "metadata": {
            "operationMetadataId": "5603f46e-b2ce-41eb-bea2-9d885cb0c089"
          },
          "type": "Request",
          "kind": "PowerAppV2",
          "inputs": {
            "schema": {
              "type": "object",
              "properties": {
                "text": {
                  "title": "entityLogicalName",
                  "type": "string",
                  "x-ms-dynamically-added": true,
                  "description": "Please enter your input",
                  "x-ms-content-hint": "TEXT"
                }
              },
              "required": [
                "text"
              ]
            }
          }
        }
      },
      "actions": {
        "Perform_an_unbound_action": {
          "runAfter": {},
          "metadata": {
            "operationMetadataId": "0b1782bd-faba-4680-9fde-17b4f0207969"
          },
          "type": "OpenApiConnection",
          "inputs": {
            "parameters": {
              "actionName": "sushi_getattributes",
              "item/entitylogicalname": "@triggerBody()['text']"
            },
            "host": {
              "apiId": "/providers/Microsoft.PowerApps/apis/shared_commondataserviceforapps",
              "operationId": "PerformUnboundAction",
              "connectionName": "shared_commondataserviceforapps"
            }
          }
        },
        "Response": {
          "runAfter": {
            "Select": [
              "Succeeded"
            ]
          },
          "metadata": {
            "operationMetadataId": "cccc4f9d-c165-4282-b58c-6c4f1c1f36b3"
          },
          "type": "Response",
          "kind": "Http",
          "inputs": {
            "statusCode": 200,
            "body": "@body('Select')",
            "schema": {
              "type": "array",
              "items": {
                "type": "object",
                "properties": {
                  "logicalname": {
                    "type": "string"
                  },
                  "physicalname": {
                    "type": "string"
                  }
                },
                "required": [
                  "logicalname",
                  "physicalname"
                ]
              }
            }
          }
        },
        "Select": {
          "runAfter": {
            "Perform_an_unbound_action": [
              "Succeeded"
            ]
          },
          "type": "Select",
          "inputs": {
            "from": "@body('Perform_an_unbound_action')?['value']",
            "select": {
              "logicalname": "@{item()?['logicalname']}",
              "physicalname": "@{item()?['physicalname']}"
            }
          }
        }
      }
    },
    "templateName": null
  },
  "schemaVersion": "1.0.0.0"
}