<customapi uniquename="sushi_getattributes">
  <allowedcustomprocessingsteptype>0</allowedcustomprocessingsteptype>
  <bindingtype>0</bindingtype>
  <description default="sushi_getattributes">
    <label description="sushi_getattributes" languagecode="1033" />
  </description>
  <displayname default="sushi_getattributes">
    <label description="sushi_getattributes" languagecode="1033" />
  </displayname>
  <iscustomizable>1</iscustomizable>
  <isfunction>0</isfunction>
  <isprivate>0</isprivate>
  <name>sushi_getattributes</name>
  <plugintypeid>
    <plugintypeexportkey>869c3538-414a-40b9-816b-da13216eabca</plugintypeexportkey>
  </plugintypeid>
  <workflowsdkstepenabled>0</workflowsdkstepenabled>
</customapi>