<ImportExportXml xmlns:xsi="http://www.w3.org/2001/XMLSchema-instance">
  <Entities></Entities>
  <Roles></Roles>
  <Workflows>
    <Workflow WorkflowId="{647561ee-5ebf-ee11-9079-0022486ea3eb}" Name="PowerApps - Get Attributes">
      <JsonFileName>/Workflows/PowerApps-GetAttributes-647561EE-5EBF-EE11-9079-0022486EA3EB.json</JsonFileName>
      <Type>1</Type>
      <Subprocess>0</Subprocess>
      <Category>5</Category>
      <Mode>0</Mode>
      <Scope>4</Scope>
      <OnDemand>0</OnDemand>
      <TriggerOnCreate>0</TriggerOnCreate>
      <TriggerOnDelete>0</TriggerOnDelete>
      <AsyncAutodelete>0</AsyncAutodelete>
      <SyncWorkflowLogOnFailure>0</SyncWorkflowLogOnFailure>
      <StateCode>1</StateCode>
      <StatusCode>2</StatusCode>
      <RunAs>1</RunAs>
      <IsTransacted>1</IsTransacted>
      <IntroducedVersion>1.0</IntroducedVersion>
      <IsCustomizable>1</IsCustomizable>
      <BusinessProcessType>0</BusinessProcessType>
      <IsCustomProcessingStepAllowedForOtherPublishers>1</IsCustomProcessingStepAllowedForOtherPublishers>
      <PrimaryEntity>none</PrimaryEntity>
      <LocalizedNames>
        <LocalizedName languagecode="1033" description="PowerApps - Get Attributes" />
      </LocalizedNames>
    </Workflow>
  </Workflows>
  <FieldSecurityProfiles></FieldSecurityProfiles>
  <Templates />
  <EntityMaps />
  <EntityRelationships />
  <OrganizationSettings />
  <optionsets />
  <CustomControls />
  <EntityDataProviders />
  <CanvasApps>
    <CanvasApp>
      <Name>sushi_powerautomatefinder_dc386</Name>
      <AppVersion>2024-01-31T07:39:55Z</AppVersion>
      <Status>Ready</Status>
      <CreatedByClientVersion>3.24014.14.0</CreatedByClientVersion>
      <MinClientVersion>3.24014.14.0</MinClientVersion>
      <Tags>{"primaryDeviceWidth":"1896","primaryDeviceHeight":"796","supportsPortrait":"true","supportsLandscape":"true","primaryFormFactor":"Tablet","showStatusBar":"false","publisherVersion":"3.24014.14","minimumRequiredApiVersion":"2.2.0","hasComponent":"false","hasUnlockedComponent":"false","isUnifiedRootApp":"false","offlineLargeFilesSupport":"false","sienaVersion":"20240131T052539Z-3.24014.14.0"}</Tags>
      <IsCdsUpgraded>0</IsCdsUpgraded>
      <GalleryItemId xsi:nil="true"></GalleryItemId>
      <BackgroundColor>rgba(255, 255, 255, 1)</BackgroundColor>
      <DisplayName>Power Automate Finder</DisplayName>
      <Description xsi:nil="true"></Description>
      <CommitMessage xsi:nil="true"></CommitMessage>
      <Publisher xsi:nil="true"></Publisher>
      <AuthorizationReferences>[]</AuthorizationReferences>
      <ConnectionReferences>{"f09d24ba-ac01-476b-bf36-9b51ce6d291d":{"id":"/providers/microsoft.powerapps/apis/shared_logicflows","displayName":"Logic flows","iconUri":"https://connectoricons-prod.azureedge.net/releases/v1.0.1664/1.0.1664.3477/logicflows/icon.png","dataSources":["PowerApps-GetAttributes"],"dependencies":["e59d6cf2-83d0-481e-a912-bb4efc4c1844"],"dependents":[],"parameterHints":{"workflowName":{"value":"ea472abb-5093-4b49-9c3e-42bbd3117e6e"},"workflowEntityId":{"value":"647561ee-5ebf-ee11-9079-0022486ea3eb"},"e59d6cf2-83d0-481e-a912-bb4efc4c1844":{"value":"shared_commondataserviceforapps"}},"parameterHintsV2":{"workflowName":{"value":"ea472abb-5093-4b49-9c3e-42bbd3117e6e"},"workflowEntityId":{"value":"647561ee-5ebf-ee11-9079-0022486ea3eb"},"shared_commondataserviceforapps":{"value":"e59d6cf2-83d0-481e-a912-bb4efc4c1844"}},"isOnPremiseConnection":false,"bypassConsent":false,"dataSets":{},"apiTier":"Standard","actions":["Run"]},"e59d6cf2-83d0-481e-a912-bb4efc4c1844":{"id":"/providers/microsoft.powerapps/apis/shared_commondataserviceforapps","displayName":"Microsoft Dataverse","iconUri":"https://connectoricons-prod.azureedge.net/releases/v1.0.1675/1.0.1675.3608/commondataserviceforapps/icon.png","dataSources":[],"dependencies":[],"dependents":["f09d24ba-ac01-476b-bf36-9b51ce6d291d"],"parameterHints":{},"parameterHintsV2":{},"isOnPremiseConnection":false,"bypassConsent":false,"dataSets":{},"apiTier":"Premium"}}</ConnectionReferences>
      <DatabaseReferences>{"default.cds":{"databaseDetails":{"referenceType":"Environmental","environmentName":"default.cds","overrideValues":{"status":"NotSpecified","environmentVariableName":""}},"dataSources":{"Entities":{"entitySetName":"entities","logicalName":"entity"},"Processes":{"entitySetName":"workflows","logicalName":"workflow"},"Users":{"entitySetName":"systemusers","logicalName":"systemuser"}}}}</DatabaseReferences>
      <AppComponents>[]</AppComponents>
      <AppComponentDependencies>[]</AppComponentDependencies>
      <CanConsumeAppPass>1</CanConsumeAppPass>
      <CanvasAppType>0</CanvasAppType>
      <BypassConsent>0</BypassConsent>
      <AdminControlBypassConsent>0</AdminControlBypassConsent>
      <EmbeddedApp xsi:nil="true"></EmbeddedApp>
      <IntroducedVersion>1.0</IntroducedVersion>
      <CdsDependencies>{"cdsdependencies":[{"dependencyid":"647561ee-5ebf-ee11-9079-0022486ea3eb","componenttype":29,"componenttypeplatformname":"Workflow"},{"logicalname":"entity","componenttype":1},{"logicalname":"workflow","componenttype":1},{"logicalname":"systemuser","componenttype":1}]}</CdsDependencies>
      <IsCustomizable>1</IsCustomizable>
      <BackgroundImageUri>/CanvasApps/sushi_powerautomatefinder_dc386_BackgroundImageUri</BackgroundImageUri>
      <DocumentUri>/CanvasApps/sushi_powerautomatefinder_dc386_DocumentUri.msapp</DocumentUri>
      <AdditionalUris>
        <AdditionalUri>/CanvasApps/sushi_powerautomatefinder_dc386_AdditionalUris0_identity.json</AdditionalUri>
      </AdditionalUris>
    </CanvasApp>
  </CanvasApps>
  <connectionreferences>
    <connectionreference connectionreferencelogicalname="sushi_sharedcommondataserviceforapps_acd73">
      <connectionreferencedisplayname>Microsoft Dataverse powerautomatefinder-acd73</connectionreferencedisplayname>
      <connectorid>/providers/Microsoft.PowerApps/apis/shared_commondataserviceforapps</connectorid>
      <iscustomizable>1</iscustomizable>
      <statecode>0</statecode>
      <statuscode>1</statuscode>
    </connectionreference>
  </connectionreferences>
  <Languages>
    <Language>1033</Language>
  </Languages>
</ImportExportXml>